﻿<?xml version="1.0" encoding="utf-8"?>
<abapGit version="v1.0.0" serializer="LCL_OBJECT_SUSH" serializer_version="v1.0.0">
 <asx:abap xmlns:asx="http://www.sap.com/abapxml" version="1.0">
  <asx:values>
   <HEAD>
    <NAME>A50384C8CB766B136A37B10191A7CF</NAME>
    <TYPE>HT</TYPE>
    <DISPLAY_NAME>R3TR IWSG ZJL_UI_MITARBEITER_V2_0001</DISPLAY_NAME>
    <DEVCLASS>ZJL_WWIBE123_URLAUBSANTRAGE</DEVCLASS>
    <ABAP_LANGUAGE_VERSION>5</ABAP_LANGUAGE_VERSION>
   </HEAD>
   <USOBX>
    <USOBX>
     <NAME>A50384C8CB766B136A37B10191A7CF</NAME>
     <TYPE>HT</TYPE>
     <OBJECT>S_SERVICE</OBJECT>
     <OKFLAG>X</OKFLAG>
    </USOBX>
   </USOBX>
   <USOBX_EXT>
    <item>
     <OBJECT>S_SERVICE</OBJECT>
     <TTEXT>Prüfung beim Start von ext. Services</TTEXT>
     <OCLSS>AAAB</OCLSS>
     <OKFLAG>X</OKFLAG>
     <DEVCLASS>S_PROFGEN</DEVCLASS>
     <PS_POSID>BC-SEC-AUT-PFC</PS_POSID>
     <CI_TEXT>prüfen</CI_TEXT>
     <CH_TEXT>prüfen</CH_TEXT>
     <PR_TEXT>Nein</PR_TEXT>
     <EXCEP>3</EXCEP>
     <EXCEP_TX>Okay</EXCEP_TX>
     <EXCEP_ICON>@08@</EXCEP_ICON>
    </item>
   </USOBX_EXT>
  </asx:values>
 </asx:abap>
</abapGit>
