﻿<?xml version="1.0" encoding="utf-8"?>
<abapGit version="v1.0.0" serializer="LCL_OBJECT_MSAG" serializer_version="v1.0.0">
 <asx:abap xmlns:asx="http://www.sap.com/abapxml" version="1.0">
  <asx:values>
   <T100A>
    <ARBGB>ZJL_NACHRICHTEN</ARBGB>
    <MASTERLANG>E</MASTERLANG>
    <STEXT>ZJL Message class</STEXT>
   </T100A>
   <I18N_LANGS>
    <LANGU>E</LANGU>
   </I18N_LANGS>
   <T100T>
    <T100T>
     <SPRSL>E</SPRSL>
     <ARBGB>ZJL_NACHRICHTEN</ARBGB>
     <STEXT>ZJL Message class</STEXT>
    </T100T>
   </T100T>
   <T100_TEXTS>
    <item>
     <SPRSL>E</SPRSL>
     <MSGNR>001</MSGNR>
     <TEXT>Der Antrag wurde erfolgreich genehmigt</TEXT>
    </item>
    <item>
     <SPRSL>E</SPRSL>
     <MSGNR>002</MSGNR>
     <TEXT>der Antrag wurde erfolgreich abgelehnt</TEXT>
    </item>
    <item>
     <SPRSL>E</SPRSL>
     <MSGNR>003</MSGNR>
     <TEXT>Der Antrag wurde schon bearbeite</TEXT>
    </item>
   </T100_TEXTS>
  </asx:values>
 </asx:abap>
</abapGit>
